SAL_NAME21,district_label,member,party,pct_area
Albion (Vic.),Laverton District,"CONNOLLY, Sarah",Australian Labor Party - Victorian Branch,59.25
Albion (Vic.),St Albans District,"SULEYMAN, Natalie",Australian Labor Party - Victorian Branch,40.75
Allambee Reserve,Narracan District,"FARNHAM, Wayne",Liberal,77.59
Allambee Reserve,Gippsland South District,"O'BRIEN, Danny",The Nationals,22.41
Allestree,South-West Coast District,"BRITNELL, Roma",Liberal,98.66
Altona (Vic.),Williamstown District,"HORNE, Melissa",Australian Labor Party - Victorian Branch,95.0
Altona (Vic.),Point Cook District,"HILAKARI, Mathew",Australian Labor Party - Victorian Branch,4.11
Altona (Vic.),Laverton District,"CONNOLLY, Sarah",Australian Labor Party - Victorian Branch,0.74
Altona Meadows,Point Cook District,"HILAKARI, Mathew",Australian Labor Party - Victorian Branch,96.96
Altona Meadows,Williamstown District,"HORNE, Melissa",Australian Labor Party - Victorian Branch,2.51
Anakie,Lara District,"GEORGE, Ella",Australian Labor Party - Victorian Branch,92.48
Anakie,Eureka District,"SETTLE, Michaela",Australian Labor Party - Victorian Branch,7.51
Archerton,Euroa District,"CLEELAND, Annabelle",The Nationals,95.72
Archerton,Ovens Valley District,"McCURDY, Tim",The Nationals,4.22
Ardeer,Laverton District,"CONNOLLY, Sarah",Australian Labor Party - Victorian Branch,48.99
Ardeer,St Albans District,"SULEYMAN, Natalie",Australian Labor Party - Victorian Branch,48.95
Ardeer,Kororoit District,"GRIGOROVITCH, Luba",Australian Labor Party - Victorian Branch,2.06
Armadale (Vic.),Malvern District,"O'BRIEN, Michael",Liberal,96.89
Armadale (Vic.),Prahran District,"HIBBINS, Sam",Australian Greens,1.84
Armadale (Vic.),Caulfield District,"SOUTHWICK, David",Liberal,1.27
Ashburton,Ashwood District,"FREGON, Matt",Australian Labor Party - Victorian Branch,98.2
Ashburton,Malvern District,"O'BRIEN, Michael",Liberal,1.8
Aspendale,Mordialloc District,"RICHARDSON, Tim",Australian Labor Party - Victorian Branch,98.39
Avalon,Lara District,"GEORGE, Ella",Australian Labor Party - Victorian Branch,99.16
Axedale,Euroa District,"CLEELAND, Annabelle",The Nationals,59.66
Axedale,Bendigo East District,"ALLAN, Jacinta",Australian Labor Party - Victorian Branch,40.34
Ayrford,South-West Coast District,"BRITNELL, Roma",Liberal,61.91
Ayrford,Polwarth District,"RIORDAN, Richard",Liberal,38.09
Bacchus Marsh,Eureka District,"SETTLE, Michaela",Australian Labor Party - Victorian Branch,99.11
Bacchus Marsh,Melton District,"McGHIE, Steve",Australian Labor Party - Victorian Branch,0.89
Ballarat Central,Wendouree District,"ADDISON, Juliana",Australian Labor Party - Victorian Branch,99.42
Ballarat Central,Eureka District,"SETTLE, Michaela",Australian Labor Party - Victorian Branch,0.58
Ballarat East,Eureka District,"SETTLE, Michaela",Australian Labor Party - Victorian Branch,99.33
Ballarat East,Wendouree District,"ADDISON, Juliana",Australian Labor Party - Victorian Branch,0.67
Ballarat North,Wendouree District,"ADDISON, Juliana",Australian Labor Party - Victorian Branch,98.27
Ballarat North,Ripon District,"HAYLETT, Martha",Australian Labor Party - Victorian Branch,1.73
Balliang,Eureka District,"SETTLE, Michaela",Australian Labor Party - Victorian Branch,54.9
Balliang,Lara District,"GEORGE, Ella",Australian Labor Party - Victorian Branch,45.09
Bangholme,Carrum District,"KILKENNY, Sonya",Australian Labor Party - Victorian Branch,61.63
Bangholme,Mordialloc District,"RICHARDSON, Tim",Australian Labor Party - Victorian Branch,38.37
Barjarg,Eildon District,"McLEISH, Cindy",Liberal,94.33
Barjarg,Euroa District,"CLEELAND, Annabelle",The Nationals,5.67
Barnadown,Bendigo East District,"ALLAN, Jacinta",Australian Labor Party - Victorian Branch,99.44
Barnadown,Euroa District,"CLEELAND, Annabelle",The Nationals,0.56
Basalt (Vic.),Macedon District,"THOMAS, Mary-Anne",Australian Labor Party - Victorian Branch,94.0
Basalt (Vic.),Ripon District,"HAYLETT, Martha",Australian Labor Party - Victorian Branch,6.0
Batesford,Geelong District,"COUZENS, Christine",Australian Labor Party - Victorian Branch,70.37
Batesford,Lara District,"GEORGE, Ella",Australian Labor Party - Victorian Branch,29.63
Baxter,Hastings District,"MERCURIO, Paul",Australian Labor Party - Victorian Branch,85.99
Baxter,Mornington District,"CREWTHER, Chris",Liberal,13.61
Baxter,Frankston District,"EDBROOKE, Paul",Australian Labor Party - Victorian Branch,0.4
Bayswater North,Croydon District,"HODGETT, David",Liberal,99.31
Bayswater North,Ringwood District,"FOWLES, Will",Australian Labor Party - Victorian Branch,0.41
Bayswater North,Bayswater District,"TAYLOR, Jackson",Australian Labor Party - Victorian Branch,0.28
Beaconsfield Upper,Berwick District,"BATTIN, Brad",Liberal,56.34
Beaconsfield Upper,Pakenham District,"VULIN, Emma",Australian Labor Party - Victorian Branch,43.66
Bellbridge,Benambra District,"TILLEY, Bill",Liberal,97.26
Belmont (Vic.),Geelong District,"COUZENS, Christine",Australian Labor Party - Victorian Branch,75.89
Belmont (Vic.),South Barwon District,"CHEESEMAN, Darren",Australian Labor Party - Victorian Branch,24.11
Bendigo,Bendigo West District,"EDWARDS, Maree",Australian Labor Party - Victorian Branch,87.83
Bendigo,Bendigo East District,"ALLAN, Jacinta",Australian Labor Party - Victorian Branch,12.17
Berrybank,Polwarth District,"RIORDAN, Richard",Liberal,91.18
Berrybank,Eureka District,"SETTLE, Michaela",Australian Labor Party - Victorian Branch,8.82
Berwick,Berwick District,"BATTIN, Brad",Liberal,93.37
Berwick,Narre Warren North District,"WILSON, Belinda",Australian Labor Party - Victorian Branch,6.56
Beveridge,Kalkallo District,"SPENCE, Ros",Australian Labor Party - Victorian Branch,63.54
Beveridge,Yan Yean District,"KATHAGE, Lauren",Australian Labor Party - Victorian Branch,36.31
Beveridge,Macedon District,"THOMAS, Mary-Anne",Australian Labor Party - Victorian Branch,0.15
Big Desert,Mildura District,"BENHAM, Jade",The Nationals,52.59
Big Desert,Lowan District,"KEALY, Emma",The Nationals,47.41
Big Hill (Greater Bendigo - Vic.),Bendigo West District,"EDWARDS, Maree",Australian Labor Party - Victorian Branch,67.27
Big Hill (Greater Bendigo - Vic.),Bendigo East District,"ALLAN, Jacinta",Australian Labor Party - Victorian Branch,32.73
Big Hill (Surf Coast - Vic.),Polwarth District,"RIORDAN, Richard",Liberal,98.94
Bittern,Hastings District,"MERCURIO, Paul",Australian Labor Party - Victorian Branch,98.95
Blackburn,Box Hill District,"HAMER, Paul",Australian Labor Party - Victorian Branch,58.09
Blackburn,Ringwood District,"FOWLES, Will",Australian Labor Party - Victorian Branch,41.83
Blackburn North,Box Hill District,"HAMER, Paul",Australian Labor Party - Victorian Branch,67.12
Blackburn North,Ringwood District,"FOWLES, Will",Australian Labor Party - Victorian Branch,32.88
Blackburn South,Box Hill District,"HAMER, Paul",Australian Labor Party - Victorian Branch,87.59
Blackburn South,Glen Waverley District,"MULLAHY, John",Australian Labor Party - Victorian Branch,12.41
Blackwood (Vic.),Macedon District,"THOMAS, Mary-Anne",Australian Labor Party - Victorian Branch,95.92
Blackwood (Vic.),Eureka District,"SETTLE, Michaela",Australian Labor Party - Victorian Branch,4.08
Blairgowrie,Nepean District,"GROTH, Sam",Liberal,98.63
Blampied,Ripon District,"HAYLETT, Martha",Australian Labor Party - Victorian Branch,90.64
Blampied,Macedon District,"THOMAS, Mary-Anne",Australian Labor Party - Victorian Branch,9.36
Blind Bight,Bass District,"CRUGNALE, Jordan",Australian Labor Party - Victorian Branch,98.84
Boronia,Bayswater District,"TAYLOR, Jackson",Australian Labor Party - Victorian Branch,96.4
Boronia,Monbulk District,"DE MARTINO, Daniela",Australian Labor Party - Victorian Branch,3.58
Boweya,Euroa District,"CLEELAND, Annabelle",The Nationals,62.12
Boweya,Ovens Valley District,"McCURDY, Tim",The Nationals,37.88
Boxwood,Euroa District,"CLEELAND, Annabelle",The Nationals,69.41
Boxwood,Shepparton District,"O'KEEFFE, Kim",The Nationals,30.54
Branxholme,Lowan District,"KEALY, Emma",The Nationals,82.11
Branxholme,South-West Coast District,"BRITNELL, Roma",Liberal,17.89
Breamlea,South Barwon District,"CHEESEMAN, Darren",Australian Labor Party - Victorian Branch,96.83
Breamlea,Polwarth District,"RIORDAN, Richard",Liberal,0.17
Briar Hill,Eltham District,"WARD, Vicki",Australian Labor Party - Victorian Branch,78.05
Briar Hill,Bundoora District,"BROOKS, Colin",Australian Labor Party - Victorian Branch,21.95
Bridge Creek,Eildon District,"McLEISH, Cindy",Liberal,76.78
Bridge Creek,Euroa District,"CLEELAND, Annabelle",The Nationals,23.22
Brighton (Vic.),Brighton District,"NEWBURY, James",Liberal,99.38
Brighton (Vic.),Caulfield District,"SOUTHWICK, David",Liberal,0.38
Brighton East,Brighton District,"NEWBURY, James",Liberal,98.2
Brighton East,Bentleigh District,"STAIKOS, Nick",Australian Labor Party - Victorian Branch,1.8
Brimin,Benambra District,"TILLEY, Bill",Liberal,99.36
Brimin,Ovens Valley District,"McCURDY, Tim",The Nationals,0.29
Broadmeadows (Vic.),Broadmeadows District,"MATTHEWS-WARD, Kathleen",Australian Labor Party - Victorian Branch,98.95
Broadmeadows (Vic.),Greenvale District,"WALTERS, Iwan",Australian Labor Party - Victorian Branch,1.05
Brooklyn (Vic.),Laverton District,"CONNOLLY, Sarah",Australian Labor Party - Victorian Branch,60.74
Brooklyn (Vic.),Williamstown District,"HORNE, Melissa",Australian Labor Party - Victorian Branch,39.26
Brown Hill (Vic.),Eureka District,"SETTLE, Michaela",Australian Labor Party - Victorian Branch,90.88
Brown Hill (Vic.),Ripon District,"HAYLETT, Martha",Australian Labor Party - Victorian Branch,8.71
Brown Hill (Vic.),Wendouree District,"ADDISON, Juliana",Australian Labor Party - Victorian Branch,0.41
Brunswick West,Brunswick District,"READ, Tim",Australian Greens,66.74
Brunswick West,Pascoe Vale District,"CIANFLONE, Anthony",Australian Labor Party - Victorian Branch,32.0
Brunswick West,Melbourne District,"SANDELL, Ellen",Australian Greens,1.09
Brunswick West,Essendon District,"PEARSON, Danny",Australian Labor Party - Victorian Branch,0.17
Buckrabanyule,Mildura District,"BENHAM, Jade",The Nationals,51.01
Buckrabanyule,Ripon District,"HAYLETT, Martha",Australian Labor Party - Victorian Branch,48.99
Burnewang,Euroa District,"CLEELAND, Annabelle",The Nationals,99.3
Burnewang,Bendigo East District,"ALLAN, Jacinta",Australian Labor Party - Victorian Branch,0.4
Burnewang,Murray Plains District,"WALSH, Peter",The Nationals,0.3
Burwood (Vic.),Box Hill District,"HAMER, Paul",Australian Labor Party - Victorian Branch,53.13
Burwood (Vic.),Ashwood District,"FREGON, Matt",Australian Labor Party - Victorian Branch,46.87
Burwood East,Glen Waverley District,"MULLAHY, John",Australian Labor Party - Victorian Branch,47.85
Burwood East,Ashwood District,"FREGON, Matt",Australian Labor Party - Victorian Branch,31.15
Burwood East,Box Hill District,"HAMER, Paul",Australian Labor Party - Victorian Branch,20.99
Byaduk,Lowan District,"KEALY, Emma",The Nationals,69.85
Byaduk,South-West Coast District,"BRITNELL, Roma",Liberal,30.15
Bylands,Euroa District,"CLEELAND, Annabelle",The Nationals,72.28
Bylands,Macedon District,"THOMAS, Mary-Anne",Australian Labor Party - Victorian Branch,27.71
California Gully,Bendigo West District,"EDWARDS, Maree",Australian Labor Party - Victorian Branch,57.05
California Gully,Bendigo East District,"ALLAN, Jacinta",Australian Labor Party - Victorian Branch,42.95
Callawadda,Ripon District,"HAYLETT, Martha",Australian Labor Party - Victorian Branch,56.77
Callawadda,Lowan District,"KEALY, Emma",The Nationals,43.23
Callignee North,Gippsland South District,"O'BRIEN, Danny",The Nationals,98.98
Callignee North,Morwell District,"CAMERON, Martin",The Nationals,1.02
Camberwell (Vic.),Hawthorn District,"PESUTTO, John",Liberal,98.56
Camberwell (Vic.),Ashwood District,"FREGON, Matt",Australian Labor Party - Victorian Branch,1.13
Camberwell (Vic.),Kew District,"WILSON, Jess",Liberal,0.31
Campbells Bridge,Lowan District,"KEALY, Emma",The Nationals,59.98
Campbells Bridge,Ripon District,"HAYLETT, Martha",Australian Labor Party - Victorian Branch,40.02
Campbells Creek,Bendigo West District,"EDWARDS, Maree",Australian Labor Party - Victorian Branch,95.66
Campbells Creek,Macedon District,"THOMAS, Mary-Anne",Australian Labor Party - Victorian Branch,4.34
Campbells Forest,Ripon District,"HAYLETT, Martha",Australian Labor Party - Victorian Branch,66.77
Campbells Forest,Bendigo East District,"ALLAN, Jacinta",Australian Labor Party - Victorian Branch,33.22
Campbelltown (Vic.),Ripon District,"HAYLETT, Martha",Australian Labor Party - Victorian Branch,68.62
Campbelltown (Vic.),Bendigo West District,"EDWARDS, Maree",Australian Labor Party - Victorian Branch,31.38
Cannons Creek,Bass District,"CRUGNALE, Jordan",Australian Labor Party - Victorian Branch,40.16
Canterbury (Vic.),Hawthorn District,"PESUTTO, John",Liberal,58.72
Canterbury (Vic.),Kew District,"WILSON, Jess",Liberal,41.28
Cape Woolamai,Bass District,"CRUGNALE, Jordan",Australian Labor Party - Victorian Branch,97.93
Caramut,Lowan District,"KEALY, Emma",The Nationals,69.77
Caramut,South-West Coast District,"BRITNELL, Roma",Liberal,30.23
Cardinia,Bass District,"CRUGNALE, Jordan",Australian Labor Party - Victorian Branch,62.4
Cardinia,Pakenham District,"VULIN, Emma",Australian Labor Party - Victorian Branch,37.58
Carisbrook,Ripon District,"HAYLETT, Martha",Australian Labor Party - Victorian Branch,89.45
Carisbrook,Bendigo West District,"EDWARDS, Maree",Australian Labor Party - Victorian Branch,10.55
Caroline Springs,Kororoit District,"GRIGOROVITCH, Luba",Australian Labor Party - Victorian Branch,83.39
Caroline Springs,Sydenham District,"HUTCHINS, Natalie",Australian Labor Party - Victorian Branch,16.61
Carrum,Carrum District,"KILKENNY, Sonya",Australian Labor Party - Victorian Branch,98.86
Catani,Bass District,"CRUGNALE, Jordan",Australian Labor Party - Victorian Branch,96.13
Catani,Narracan District,"FARNHAM, Wayne",Liberal,3.87
Chadstone,Ashwood District,"FREGON, Matt",Australian Labor Party - Victorian Branch,68.17
Chadstone,Oakleigh District,"DIMOPOULOS, Steve",Australian Labor Party - Victorian Branch,31.79
Cheltenham (Vic.),Sandringham District,"ROWSWELL, Brad",Liberal,39.85
Cheltenham (Vic.),Bentleigh District,"STAIKOS, Nick",Australian Labor Party - Victorian Branch,32.31
Cheltenham (Vic.),Clarinda District,"TAK, Meng Heang",Australian Labor Party - Victorian Branch,27.84
Chirnside Park,Warrandyte District,"SMITH, Ryan",Liberal,60.04
Chirnside Park,Evelyn District,"VALLENCE, Bridget",Liberal,39.92
Churchill Island,Bass District,"CRUGNALE, Jordan",Australian Labor Party - Victorian Branch,97.65
Clarkefield,Macedon District,"THOMAS, Mary-Anne",Australian Labor Party - Victorian Branch,82.82
Clarkefield,Sunbury District,"BULL, Josh",Australian Labor Party - Victorian Branch,17.08
Clifton Springs,Bellarine District,"MARCHANT, Alison",Australian Labor Party - Victorian Branch,99.12
Clonbinane,Yan Yean District,"KATHAGE, Lauren",Australian Labor Party - Victorian Branch,54.4
Clonbinane,Euroa District,"CLEELAND, Annabelle",The Nationals,45.53
Clyde (Vic.),Bass District,"CRUGNALE, Jordan",Australian Labor Party - Victorian Branch,90.94
Clyde (Vic.),Cranbourne District,"RICHARDS, Pauline",Australian Labor Party - Victorian Branch,9.06
Clyde North,Berwick District,"BATTIN, Brad",Liberal,90.41
Clyde North,Cranbourne District,"RICHARDS, Pauline",Australian Labor Party - Victorian Branch,9.39
Clyde North,Narre Warren South District,"MAAS, Gary",Australian Labor Party - Victorian Branch,0.14
Clydebank,Gippsland East District,"BULL, Tim",The Nationals,99.45
Clydebank,Gippsland South District,"O'BRIEN, Danny",The Nationals,0.55
Cobains,Gippsland East District,"BULL, Tim",The Nationals,51.66
Cobains,Gippsland South District,"O'BRIEN, Danny",The Nationals,48.34
Cobungra,Gippsland East District,"BULL, Tim",The Nationals,56.85
Cobungra,Ovens Valley District,"McCURDY, Tim",The Nationals,43.15
Condah,South-West Coast District,"BRITNELL, Roma",Liberal,92.37
Condah,Lowan District,"KEALY, Emma",The Nationals,7.63
Connewarre,South Barwon District,"CHEESEMAN, Darren",Australian Labor Party - Victorian Branch,50.88
Connewarre,Bellarine District,"MARCHANT, Alison",Australian Labor Party - Victorian Branch,49.03
Coolaroo,Broadmeadows District,"MATTHEWS-WARD, Kathleen",Australian Labor Party - Victorian Branch,99.05
Coolaroo,Greenvale District,"WALTERS, Iwan",Australian Labor Party - Victorian Branch,0.95
Coomboona,Shepparton District,"O'KEEFFE, Kim",The Nationals,73.02
Coomboona,Murray Plains District,"WALSH, Peter",The Nationals,26.98
Coonooer Bridge,Mildura District,"BENHAM, Jade",The Nationals,53.05
Coonooer Bridge,Ripon District,"HAYLETT, Martha",Australian Labor Party - Victorian Branch,46.95
Cope Cope,Ripon District,"HAYLETT, Martha",Australian Labor Party - Victorian Branch,56.58
Cope Cope,Mildura District,"BENHAM, Jade",The Nationals,43.42
Corinella (Vic.),Bass District,"CRUGNALE, Jordan",Australian Labor Party - Victorian Branch,99.44
Corio,Lara District,"GEORGE, Ella",Australian Labor Party - Victorian Branch,96.96
Coronet Bay,Bass District,"CRUGNALE, Jordan",Australian Labor Party - Victorian Branch,99.03
Corringle,Gippsland East District,"BULL, Tim",The Nationals,99.49
Cosgrove South,Shepparton District,"O'KEEFFE, Kim",The Nationals,90.02
Cosgrove South,Euroa District,"CLEELAND, Annabelle",The Nationals,9.98
Cowwarr,Gippsland South District,"O'BRIEN, Danny",The Nationals,93.8
Cowwarr,Gippsland East District,"BULL, Tim",The Nationals,6.2
Craigieburn,Kalkallo District,"SPENCE, Ros",Australian Labor Party - Victorian Branch,85.92
Craigieburn,Greenvale District,"WALTERS, Iwan",Australian Labor Party - Victorian Branch,14.04
Cranbourne South,Bass District,"CRUGNALE, Jordan",Australian Labor Party - Victorian Branch,75.46
Cranbourne South,Cranbourne District,"RICHARDS, Pauline",Australian Labor Party - Victorian Branch,24.54
Creek Junction,Euroa District,"CLEELAND, Annabelle",The Nationals,88.71
Creek Junction,Eildon District,"McLEISH, Cindy",Liberal,11.29
Cressy (Vic.),Polwarth District,"RIORDAN, Richard",Liberal,61.02
Cressy (Vic.),Eureka District,"SETTLE, Michaela",Australian Labor Party - Victorian Branch,38.98
Crib Point,Hastings District,"MERCURIO, Paul",Australian Labor Party - Victorian Branch,98.81
Crowlands,Ripon District,"HAYLETT, Martha",Australian Labor Party - Victorian Branch,85.4
Crowlands,Lowan District,"KEALY, Emma",The Nationals,14.6
Croydon Hills,Croydon District,"HODGETT, David",Liberal,96.71
Croydon Hills,Warrandyte District,"SMITH, Ryan",Liberal,3.29
Croydon South,Croydon District,"HODGETT, David",Liberal,98.45
Croydon South,Ringwood District,"FOWLES, Will",Australian Labor Party - Victorian Branch,1.55
Curdievale,Polwarth District,"RIORDAN, Richard",Liberal,74.73
Curdievale,South-West Coast District,"BRITNELL, Roma",Liberal,25.27
Dandenong North,Dandenong District,"WILLIAMS, Gabrielle",Australian Labor Party - Victorian Branch,85.98
Dandenong North,Mulgrave District,"ANDREWS, Daniel",Australian Labor Party - Victorian Branch,13.89
Dandenong South,Dandenong District,"WILLIAMS, Gabrielle",Australian Labor Party - Victorian Branch,79.51
Dandenong South,Carrum District,"KILKENNY, Sonya",Australian Labor Party - Victorian Branch,20.36
Dandenong South,Narre Warren South District,"MAAS, Gary",Australian Labor Party - Victorian Branch,0.14
Dargo,Gippsland East District,"BULL, Tim",The Nationals,67.74
Dargo,Ovens Valley District,"McCURDY, Tim",The Nationals,32.26
Darley,Eureka District,"SETTLE, Michaela",Australian Labor Party - Victorian Branch,99.03
Darley,Melton District,"McGHIE, Steve",Australian Labor Party - Victorian Branch,0.96
Darlington (Vic.),Lowan District,"KEALY, Emma",The Nationals,73.6
Darlington (Vic.),Polwarth District,"RIORDAN, Richard",Liberal,26.4
Dartmoor (Vic.),Lowan District,"KEALY, Emma",The Nationals,94.15
Dartmoor (Vic.),South-West Coast District,"BRITNELL, Roma",Liberal,5.85
Dartmouth,Benambra District,"TILLEY, Bill",Liberal,80.73
Dartmouth,Gippsland East District,"BULL, Tim",The Nationals,19.27
Deanside,Kororoit District,"GRIGOROVITCH, Luba",Australian Labor Party - Victorian Branch,72.58
Deanside,Sydenham District,"HUTCHINS, Natalie",Australian Labor Party - Victorian Branch,27.42
Deer Park,Kororoit District,"GRIGOROVITCH, Luba",Australian Labor Party - Victorian Branch,94.09
Deer Park,St Albans District,"SULEYMAN, Natalie",Australian Labor Party - Victorian Branch,5.91
Denison,Gippsland South District,"O'BRIEN, Danny",The Nationals,99.49
Denison,Gippsland East District,"BULL, Tim",The Nationals,0.51
Derrimut,Laverton District,"CONNOLLY, Sarah",Australian Labor Party - Victorian Branch,59.67
Derrimut,Kororoit District,"GRIGOROVITCH, Luba",Australian Labor Party - Victorian Branch,40.33
Devon Meadows,Bass District,"CRUGNALE, Jordan",Australian Labor Party - Victorian Branch,86.0
Devon Meadows,Cranbourne District,"RICHARDS, Pauline",Australian Labor Party - Victorian Branch,14.0
Dewhurst,Pakenham District,"VULIN, Emma",Australian Labor Party - Victorian Branch,99.48
Dewhurst,Monbulk District,"DE MARTINO, Daniela",Australian Labor Party - Victorian Branch,0.52
Docklands,Melbourne District,"SANDELL, Ellen",Australian Greens,78.89
Docklands,Albert Park District,"TAYLOR, Nina",Australian Labor Party - Victorian Branch,21.11
Doncaster East,Warrandyte District,"SMITH, Ryan",Liberal,69.72
Doncaster East,Bulleen District,"GUY, Matthew",Liberal,30.28
Donvale,Warrandyte District,"SMITH, Ryan",Liberal,94.39
Donvale,Ringwood District,"FOWLES, Will",Australian Labor Party - Victorian Branch,5.61
Doveton,Dandenong District,"WILLIAMS, Gabrielle",Australian Labor Party - Victorian Branch,98.17
Doveton,Narre Warren North District,"WILSON, Belinda",Australian Labor Party - Victorian Branch,1.83
Drik Drik,South-West Coast District,"BRITNELL, Roma",Liberal,54.03
Drik Drik,Lowan District,"KEALY, Emma",The Nationals,45.97
Durham Lead,Eureka District,"SETTLE, Michaela",Australian Labor Party - Victorian Branch,88.19
Durham Lead,Ripon District,"HAYLETT, Martha",Australian Labor Party - Victorian Branch,11.81
Eaglehawk,Bendigo East District,"ALLAN, Jacinta",Australian Labor Party - Victorian Branch,83.15
Eaglehawk,Bendigo West District,"EDWARDS, Maree",Australian Labor Party - Victorian Branch,16.85
East Geelong,Geelong District,"COUZENS, Christine",Australian Labor Party - Victorian Branch,99.32
East Melbourne,Melbourne District,"SANDELL, Ellen",Australian Greens,97.79
East Melbourne,Richmond District,"DE VIETRI, Gabrielle",Australian Greens,2.21
Ecklin South,Polwarth District,"RIORDAN, Richard",Liberal,85.52
Ecklin South,South-West Coast District,"BRITNELL, Roma",Liberal,14.48
Eddington,Ripon District,"HAYLETT, Martha",Australian Labor Party - Victorian Branch,71.28
Eddington,Bendigo West District,"EDWARDS, Maree",Australian Labor Party - Victorian Branch,28.72
Edithvale,Mordialloc District,"RICHARDSON, Tim",Australian Labor Party - Victorian Branch,98.98
Ellerslie (Vic.),South-West Coast District,"BRITNELL, Roma",Liberal,68.25
Ellerslie (Vic.),Lowan District,"KEALY, Emma",The Nationals,31.75
Elwood,Brighton District,"NEWBURY, James",Liberal,98.16
Elwood,Albert Park District,"TAYLOR, Nina",Australian Labor Party - Victorian Branch,1.63
Eppalock,Bendigo East District,"ALLAN, Jacinta",Australian Labor Party - Victorian Branch,97.01
Eppalock,Euroa District,"CLEELAND, Annabelle",The Nationals,2.99
Epping (Vic.),Thomastown District,"HALFPENNY, Bronwyn",Australian Labor Party - Victorian Branch,73.09
Epping (Vic.),Mill Park District,"D'AMBROSIO, Lily",Australian Labor Party - Victorian Branch,26.88
Esmond,Ovens Valley District,"McCURDY, Tim",The Nationals,98.81
Esmond,Benambra District,"TILLEY, Bill",Liberal,1.19
Essendon,Essendon District,"PEARSON, Danny",Australian Labor Party - Victorian Branch,78.74
Essendon,Niddrie District,"CARROLL, Ben",Australian Labor Party - Victorian Branch,21.24
Essendon Fields,Essendon District,"PEARSON, Danny",Australian Labor Party - Victorian Branch,96.12
Essendon Fields,Niddrie District,"CARROLL, Ben",Australian Labor Party - Victorian Branch,3.88
Eumemmerring,Dandenong District,"WILLIAMS, Gabrielle",Australian Labor Party - Victorian Branch,99.17
Eumemmerring,Narre Warren North District,"WILSON, Belinda",Australian Labor Party - Victorian Branch,0.83
Eynesbury,Melton District,"McGHIE, Steve",Australian Labor Party - Victorian Branch,52.31
Eynesbury,Werribee District,"PALLAS, Tim",Australian Labor Party - Victorian Branch,47.67
Ferntree Gully,Bayswater District,"TAYLOR, Jackson",Australian Labor Party - Victorian Branch,56.32
Ferntree Gully,Monbulk District,"DE MARTINO, Daniela",Australian Labor Party - Victorian Branch,41.51
Ferntree Gully,Rowville District,"WELLS, Kim",Liberal,2.17
Fitzroy North,Brunswick District,"READ, Tim",Australian Greens,96.41
Fitzroy North,Richmond District,"DE VIETRI, Gabrielle",Australian Greens,3.54
Flemington,Essendon District,"PEARSON, Danny",Australian Labor Party - Victorian Branch,99.36
Flemington,Melbourne District,"SANDELL, Ellen",Australian Greens,0.57
Flowerdale (Vic.),Eildon District,"McLEISH, Cindy",Liberal,87.86
Flowerdale (Vic.),Yan Yean District,"KATHAGE, Lauren",Australian Labor Party - Victorian Branch,12.14
Flynn (Vic.),Morwell District,"CAMERON, Martin",The Nationals,57.81
Flynn (Vic.),Gippsland South District,"O'BRIEN, Danny",The Nationals,42.19
Flynns Creek,Morwell District,"CAMERON, Martin",The Nationals,99.37
Flynns Creek,Gippsland South District,"O'BRIEN, Danny",The Nationals,0.63
Forest Hill (Vic.),Glen Waverley District,"MULLAHY, John",Australian Labor Party - Victorian Branch,78.58
Forest Hill (Vic.),Ringwood District,"FOWLES, Will",Australian Labor Party - Victorian Branch,21.42
Frankston North,Frankston District,"EDBROOKE, Paul",Australian Labor Party - Victorian Branch,81.02
Frankston North,Hastings District,"MERCURIO, Paul",Australian Labor Party - Victorian Branch,18.97
Freshwater Creek,South Barwon District,"CHEESEMAN, Darren",Australian Labor Party - Victorian Branch,61.32
Freshwater Creek,Polwarth District,"RIORDAN, Richard",Liberal,38.68
Fyansford,Geelong District,"COUZENS, Christine",Australian Labor Party - Victorian Branch,80.99
Fyansford,Lara District,"GEORGE, Ella",Australian Labor Party - Victorian Branch,18.93
Gardenvale,Caulfield District,"SOUTHWICK, David",Liberal,98.65
Gardenvale,Brighton District,"NEWBURY, James",Liberal,1.35
Geelong,Geelong District,"COUZENS, Christine",Australian Labor Party - Victorian Branch,99.31
Gembrook,Narracan District,"FARNHAM, Wayne",Liberal,51.49
Gembrook,Monbulk District,"DE MARTINO, Daniela",Australian Labor Party - Victorian Branch,47.99
Gembrook,Eildon District,"McLEISH, Cindy",Liberal,0.51
Gillieston,Murray Plains District,"WALSH, Peter",The Nationals,69.94
Gillieston,Shepparton District,"O'KEEFFE, Kim",The Nationals,20.01
Gillieston,Euroa District,"CLEELAND, Annabelle",The Nationals,10.04
Gladstone Park,Sunbury District,"BULL, Josh",Australian Labor Party - Victorian Branch,91.84
Gladstone Park,Broadmeadows District,"MATTHEWS-WARD, Kathleen",Australian Labor Party - Victorian Branch,5.27
Gladstone Park,Greenvale District,"WALTERS, Iwan",Australian Labor Party - Victorian Branch,1.81
Gladstone Park,Niddrie District,"CARROLL, Ben",Australian Labor Party - Victorian Branch,1.09
Glen Iris (Vic.),Ashwood District,"FREGON, Matt",Australian Labor Party - Victorian Branch,62.59
Glen Iris (Vic.),Malvern District,"O'BRIEN, Michael",Liberal,32.85
Glen Iris (Vic.),Hawthorn District,"PESUTTO, John",Liberal,4.56
Glen Park,Ripon District,"HAYLETT, Martha",Australian Labor Party - Victorian Branch,74.41
Glen Park,Eureka District,"SETTLE, Michaela",Australian Labor Party - Victorian Branch,25.59
Glen Waverley,Glen Waverley District,"MULLAHY, John",Australian Labor Party - Victorian Branch,97.83
Glen Waverley,Oakleigh District,"DIMOPOULOS, Steve",Australian Labor Party - Victorian Branch,2.17
Glengarry (Vic.),Gippsland South District,"O'BRIEN, Danny",The Nationals,82.68
Glengarry (Vic.),Morwell District,"CAMERON, Martin",The Nationals,17.32
Glengarry North,Morwell District,"CAMERON, Martin",The Nationals,84.49
Glengarry North,Narracan District,"FARNHAM, Wayne",Liberal,15.47
Glenloth East,Mildura District,"BENHAM, Jade",The Nationals,78.11
Glenloth East,Murray Plains District,"WALSH, Peter",The Nationals,21.89
Glenrowan,Ovens Valley District,"McCURDY, Tim",The Nationals,88.73
Glenrowan,Euroa District,"CLEELAND, Annabelle",The Nationals,11.27
Glenroy (Vic.),Broadmeadows District,"MATTHEWS-WARD, Kathleen",Australian Labor Party - Victorian Branch,97.43
Glenroy (Vic.),Niddrie District,"CARROLL, Ben",Australian Labor Party - Victorian Branch,2.57
Gnarwarre,South Barwon District,"CHEESEMAN, Darren",Australian Labor Party - Victorian Branch,98.84
Gnarwarre,Polwarth District,"RIORDAN, Richard",Liberal,1.0
Gnarwarre,Geelong District,"COUZENS, Christine",Australian Labor Party - Victorian Branch,0.16
Golden Point (Ballarat - Vic.),Eureka District,"SETTLE, Michaela",Australian Labor Party - Victorian Branch,99.37
Golden Point (Ballarat - Vic.),Wendouree District,"ADDISON, Juliana",Australian Labor Party - Victorian Branch,0.63
Golden Square,Bendigo West District,"EDWARDS, Maree",Australian Labor Party - Victorian Branch,72.28
Golden Square,Bendigo East District,"ALLAN, Jacinta",Australian Labor Party - Victorian Branch,27.72
Grangefields,Melton District,"McGHIE, Steve",Australian Labor Party - Victorian Branch,66.58
Grangefields,Kororoit District,"GRIGOROVITCH, Luba",Australian Labor Party - Victorian Branch,32.89
Grangefields,Sydenham District,"HUTCHINS, Natalie",Australian Labor Party - Victorian Branch,0.53
Great Western,Lowan District,"KEALY, Emma",The Nationals,89.27
Great Western,Ripon District,"HAYLETT, Martha",Australian Labor Party - Victorian Branch,10.73
Greendale (Vic.),Macedon District,"THOMAS, Mary-Anne",Australian Labor Party - Victorian Branch,60.15
Greendale (Vic.),Eureka District,"SETTLE, Michaela",Australian Labor Party - Victorian Branch,39.85
Greens Creek (Vic.),Ripon District,"HAYLETT, Martha",Australian Labor Party - Victorian Branch,81.74
Greens Creek (Vic.),Lowan District,"KEALY, Emma",The Nationals,18.26
Greensborough,Bundoora District,"BROOKS, Colin",Australian Labor Party - Victorian Branch,75.59
Greensborough,Eltham District,"WARD, Vicki",Australian Labor Party - Victorian Branch,24.41
Greenwald,South-West Coast District,"BRITNELL, Roma",Liberal,97.17
Greenwald,Lowan District,"KEALY, Emma",The Nationals,2.83
Grovedale,South Barwon District,"CHEESEMAN, Darren",Australian Labor Party - Victorian Branch,98.75
Grovedale,Geelong District,"COUZENS, Christine",Australian Labor Party - Victorian Branch,1.25
Guildford (Vic.),Macedon District,"THOMAS, Mary-Anne",Australian Labor Party - Victorian Branch,70.23
Guildford (Vic.),Bendigo West District,"EDWARDS, Maree",Australian Labor Party - Victorian Branch,29.77
Gundowring,Benambra District,"TILLEY, Bill",Liberal,71.8
Gundowring,Ovens Valley District,"McCURDY, Tim",The Nationals,28.2
Hadfield,Broadmeadows District,"MATTHEWS-WARD, Kathleen",Australian Labor Party - Victorian Branch,99.06
Hadfield,Pascoe Vale District,"CIANFLONE, Anthony",Australian Labor Party - Victorian Branch,0.94
Hampton (Vic.),Brighton District,"NEWBURY, James",Liberal,61.17
Hampton (Vic.),Sandringham District,"ROWSWELL, Brad",Liberal,38.81
Hampton East,Brighton District,"NEWBURY, James",Liberal,50.92
Hampton East,Sandringham District,"ROWSWELL, Brad",Liberal,49.06
Hampton Park,Narre Warren South District,"MAAS, Gary",Australian Labor Party - Victorian Branch,90.71
Hampton Park,Narre Warren North District,"WILSON, Belinda",Australian Labor Party - Victorian Branch,9.29
Happy Valley (Golden Plains - Vic.),Ripon District,"HAYLETT, Martha",Australian Labor Party - Victorian Branch,98.67
Happy Valley (Golden Plains - Vic.),Eureka District,"SETTLE, Michaela",Australian Labor Party - Victorian Branch,1.33
Harcourt North,Bendigo East District,"ALLAN, Jacinta",Australian Labor Party - Victorian Branch,53.06
Harcourt North,Bendigo West District,"EDWARDS, Maree",Australian Labor Party - Victorian Branch,46.94
Harkaway,Berwick District,"BATTIN, Brad",Liberal,86.25
Harkaway,Narre Warren North District,"WILSON, Belinda",Australian Labor Party - Victorian Branch,13.75
Harmers Haven,Bass District,"CRUGNALE, Jordan",Australian Labor Party - Victorian Branch,97.49
Hastings (Vic.),Hastings District,"MERCURIO, Paul",Australian Labor Party - Victorian Branch,99.17
Heath Hill,Bass District,"CRUGNALE, Jordan",Australian Labor Party - Victorian Branch,62.64
Heath Hill,Narracan District,"FARNHAM, Wayne",Liberal,37.36
Heathmont,Ringwood District,"FOWLES, Will",Australian Labor Party - Victorian Branch,99.2
Heathmont,Croydon District,"HODGETT, David",Liberal,0.77
Heyfield,Gippsland East District,"BULL, Tim",The Nationals,77.23
Heyfield,Gippsland South District,"O'BRIEN, Danny",The Nationals,22.77
Highett,Sandringham District,"ROWSWELL, Brad",Liberal,69.78
Highett,Bentleigh District,"STAIKOS, Nick",Australian Labor Party - Victorian Branch,30.22
Highlands,Eildon District,"McLEISH, Cindy",Liberal,71.7
Highlands,Euroa District,"CLEELAND, Annabelle",The Nationals,28.3
Hmas Cerberus,Hastings District,"MERCURIO, Paul",Australian Labor Party - Victorian Branch,97.36
Hoppers Crossing,Tarneit District,"WIGHT, Dylan",Australian Labor Party - Victorian Branch,92.4
Hoppers Crossing,Laverton District,"CONNOLLY, Sarah",Australian Labor Party - Victorian Branch,7.1
Hoppers Crossing,Point Cook District,"HILAKARI, Mathew",Australian Labor Party - Victorian Branch,0.27
Hoppers Crossing,Werribee District,"PALLAS, Tim",Australian Labor Party - Victorian Branch,0.23
Hotspur,South-West Coast District,"BRITNELL, Roma",Liberal,54.36
Hotspur,Lowan District,"KEALY, Emma",The Nationals,45.64
Howitt Plains,Gippsland East District,"BULL, Tim",The Nationals,91.02
Howitt Plains,Eildon District,"McLEISH, Cindy",Liberal,8.95
Humevale,Yan Yean District,"KATHAGE, Lauren",Australian Labor Party - Victorian Branch,88.48
Humevale,Eildon District,"McLEISH, Cindy",Liberal,11.52
Invergordon (Vic.),Ovens Valley District,"McCURDY, Tim",The Nationals,91.51
Invergordon (Vic.),Shepparton District,"O'KEEFFE, Kim",The Nationals,8.49
Inverleigh,Eureka District,"SETTLE, Michaela",Australian Labor Party - Victorian Branch,56.8
Inverleigh,Polwarth District,"RIORDAN, Richard",Liberal,43.2
Inverloch,Bass District,"CRUGNALE, Jordan",Australian Labor Party - Victorian Branch,79.19
Inverloch,Gippsland South District,"O'BRIEN, Danny",The Nationals,13.93
Invermay Park,Wendouree District,"ADDISON, Juliana",Australian Labor Party - Victorian Branch,98.2
Invermay Park,Ripon District,"HAYLETT, Martha",Australian Labor Party - Victorian Branch,1.8
Jeeralang,Gippsland South District,"O'BRIEN, Danny",The Nationals,83.83
Jeeralang,Morwell District,"CAMERON, Martin",The Nationals,16.17
Joel Joel,Lowan District,"KEALY, Emma",The Nationals,54.5
Joel Joel,Ripon District,"HAYLETT, Martha",Australian Labor Party - Victorian Branch,45.5
Joel South,Lowan District,"KEALY, Emma",The Nationals,84.91
Joel South,Ripon District,"HAYLETT, Martha",Australian Labor Party - Victorian Branch,15.09
Joyces Creek,Bendigo West District,"EDWARDS, Maree",Australian Labor Party - Victorian Branch,52.29
Joyces Creek,Ripon District,"HAYLETT, Martha",Australian Labor Party - Victorian Branch,47.71
Kalorama,Monbulk District,"DE MARTINO, Daniela",Australian Labor Party - Victorian Branch,93.29
Kalorama,Evelyn District,"VALLENCE, Bridget",Liberal,6.71
Kangaroo Flat (Vic.),Bendigo West District,"EDWARDS, Maree",Australian Labor Party - Victorian Branch,63.6
Kangaroo Flat (Vic.),Bendigo East District,"ALLAN, Jacinta",Australian Labor Party - Victorian Branch,36.4
Kangaroo Ground,Eildon District,"McLEISH, Cindy",Liberal,98.87
Kangaroo Ground,Warrandyte District,"SMITH, Ryan",Liberal,1.05
Katunga,Shepparton District,"O'KEEFFE, Kim",The Nationals,79.93
Katunga,Ovens Valley District,"McCURDY, Tim",The Nationals,20.07
Kealba,St Albans District,"SULEYMAN, Natalie",Australian Labor Party - Victorian Branch,96.37
Kealba,Niddrie District,"CARROLL, Ben",Australian Labor Party - Victorian Branch,3.63
Keilor,Niddrie District,"CARROLL, Ben",Australian Labor Party - Victorian Branch,64.0
Keilor,Sunbury District,"BULL, Josh",Australian Labor Party - Victorian Branch,34.5
Keilor,St Albans District,"SULEYMAN, Natalie",Australian Labor Party - Victorian Branch,1.48
Keilor Downs,St Albans District,"SULEYMAN, Natalie",Australian Labor Party - Victorian Branch,94.02
Keilor Downs,Niddrie District,"CARROLL, Ben",Australian Labor Party - Victorian Branch,4.91
Keilor Downs,Sydenham District,"HUTCHINS, Natalie",Australian Labor Party - Victorian Branch,1.08
Keilor East,Niddrie District,"CARROLL, Ben",Australian Labor Party - Victorian Branch,98.75
Keilor East,St Albans District,"SULEYMAN, Natalie",Australian Labor Party - Victorian Branch,1.25
Keilor Lodge,Niddrie District,"CARROLL, Ben",Australian Labor Party - Victorian Branch,97.71
Keilor Lodge,Sydenham District,"HUTCHINS, Natalie",Australian Labor Party - Victorian Branch,2.29
Kensington (Vic.),Melbourne District,"SANDELL, Ellen",Australian Greens,97.96
Kensington (Vic.),Essendon District,"PEARSON, Danny",Australian Labor Party - Victorian Branch,1.98
Keysborough,Mordialloc District,"RICHARDSON, Tim",Australian Labor Party - Victorian Branch,67.05
Keysborough,Dandenong District,"WILLIAMS, Gabrielle",Australian Labor Party - Victorian Branch,23.61
Keysborough,Clarinda District,"TAK, Meng Heang",Australian Labor Party - Victorian Branch,9.33
Kilsyth,Croydon District,"HODGETT, David",Liberal,69.25
Kilsyth,Monbulk District,"DE MARTINO, Daniela",Australian Labor Party - Victorian Branch,30.75
Kimbolton (Vic.),Euroa District,"CLEELAND, Annabelle",The Nationals,54.14
Kimbolton (Vic.),Bendigo East District,"ALLAN, Jacinta",Australian Labor Party - Victorian Branch,45.85
Kingsbury,Bundoora District,"BROOKS, Colin",Australian Labor Party - Victorian Branch,83.51
Kingsbury,Preston District,"LAMBERT, Nathan",Australian Labor Party - Victorian Branch,16.49
Knoxfield,Rowville District,"WELLS, Kim",Liberal,91.43
Knoxfield,Bayswater District,"TAYLOR, Jackson",Australian Labor Party - Victorian Branch,8.57
Kolora,Lowan District,"KEALY, Emma",The Nationals,82.79
Kolora,South-West Coast District,"BRITNELL, Roma",Liberal,17.16
Kongwak,Gippsland South District,"O'BRIEN, Danny",The Nationals,73.31
Kongwak,Bass District,"CRUGNALE, Jordan",Australian Labor Party - Victorian Branch,26.69
Koonoomoo,Ovens Valley District,"McCURDY, Tim",The Nationals,97.81
Koonoomoo,Shepparton District,"O'KEEFFE, Kim",The Nationals,1.97
Koornalla,Morwell District,"CAMERON, Martin",The Nationals,99.44
Koornalla,Gippsland South District,"O'BRIEN, Danny",The Nationals,0.56
Kyabram,Murray Plains District,"WALSH, Peter",The Nationals,85.37
Kyabram,Euroa District,"CLEELAND, Annabelle",The Nationals,14.63
Lake Marmal,Murray Plains District,"WALSH, Peter",The Nationals,75.03
Lake Marmal,Mildura District,"BENHAM, Jade",The Nationals,24.97
Lang Lang,Bass District,"CRUGNALE, Jordan",Australian Labor Party - Victorian Branch,95.79
Lang Lang,Gippsland South District,"O'BRIEN, Danny",The Nationals,4.2
Laverton (Vic.),Laverton District,"CONNOLLY, Sarah",Australian Labor Party - Victorian Branch,99.05
Laverton (Vic.),Point Cook District,"HILAKARI, Mathew",Australian Labor Party - Victorian Branch,0.95
Leichardt,Bendigo West District,"EDWARDS, Maree",Australian Labor Party - Victorian Branch,50.61
Leichardt,Ripon District,"HAYLETT, Martha",Australian Labor Party - Victorian Branch,49.39
Licola North,Gippsland East District,"BULL, Tim",The Nationals,96.88
Licola North,Eildon District,"McLEISH, Cindy",Liberal,3.12
Lima South,Euroa District,"CLEELAND, Annabelle",The Nationals,93.42
Lima South,Eildon District,"McLEISH, Cindy",Liberal,6.58
Lindsay Point,Mildura District,"BENHAM, Jade",The Nationals,99.48
Little River (Vic.),Lara District,"GEORGE, Ella",Australian Labor Party - Victorian Branch,62.66
Little River (Vic.),Werribee District,"PALLAS, Tim",Australian Labor Party - Victorian Branch,37.34
Loch,Gippsland South District,"O'BRIEN, Danny",The Nationals,53.94
Loch,Bass District,"CRUGNALE, Jordan",Australian Labor Party - Victorian Branch,46.06
Lyons (Vic.),South-West Coast District,"BRITNELL, Roma",Liberal,97.34
Lyons (Vic.),Lowan District,"KEALY, Emma",The Nationals,2.66
Lysterfield,Monbulk District,"DE MARTINO, Daniela",Australian Labor Party - Victorian Branch,55.22
Lysterfield,Rowville District,"WELLS, Kim",Liberal,44.55
Lysterfield,Narre Warren North District,"WILSON, Belinda",Australian Labor Party - Victorian Branch,0.23
Macleod (Vic.),Bundoora District,"BROOKS, Colin",Australian Labor Party - Victorian Branch,59.82
Macleod (Vic.),Ivanhoe District,"CARBINES, Anthony",Australian Labor Party - Victorian Branch,40.18
Magpie,Eureka District,"SETTLE, Michaela",Australian Labor Party - Victorian Branch,98.35
Magpie,Ripon District,"HAYLETT, Martha",Australian Labor Party - Victorian Branch,1.59
Major Plains,Shepparton District,"O'KEEFFE, Kim",The Nationals,61.73
Major Plains,Euroa District,"CLEELAND, Annabelle",The Nationals,38.27
Mallacoota,Gippsland East District,"BULL, Tim",The Nationals,99.24
Malvern (Vic.),Malvern District,"O'BRIEN, Michael",Liberal,99.42
Malvern (Vic.),Caulfield District,"SOUTHWICK, David",Liberal,0.54
Malvern East,Malvern District,"O'BRIEN, Michael",Liberal,99.22
Malvern East,Oakleigh District,"DIMOPOULOS, Steve",Australian Labor Party - Victorian Branch,0.5
Malvern East,Caulfield District,"SOUTHWICK, David",Liberal,0.21
Manns Beach,Gippsland South District,"O'BRIEN, Danny",The Nationals,97.32
Marong,Bendigo West District,"EDWARDS, Maree",Australian Labor Party - Victorian Branch,66.62
Marong,Ripon District,"HAYLETT, Martha",Australian Labor Party - Victorian Branch,33.38
Maroona,Lowan District,"KEALY, Emma",The Nationals,62.63
Maroona,Ripon District,"HAYLETT, Martha",Australian Labor Party - Victorian Branch,37.37
Marshall,South Barwon District,"CHEESEMAN, Darren",Australian Labor Party - Victorian Branch,95.21
Marshall,Geelong District,"COUZENS, Christine",Australian Labor Party - Victorian Branch,4.79
Marungi,Shepparton District,"O'KEEFFE, Kim",The Nationals,73.59
Marungi,Ovens Valley District,"McCURDY, Tim",The Nationals,26.41
Melbourne,Melbourne District,"SANDELL, Ellen",Australian Greens,53.82
Melbourne,Prahran District,"HIBBINS, Sam",Australian Greens,37.49
Melbourne,Albert Park District,"TAYLOR, Nina",Australian Labor Party - Victorian Branch,8.69
Mentone,Sandringham District,"ROWSWELL, Brad",Liberal,57.9
Mentone,Clarinda District,"TAK, Meng Heang",Australian Labor Party - Victorian Branch,39.81
Mentone,Mordialloc District,"RICHARDSON, Tim",Australian Labor Party - Victorian Branch,2.29
Merrigum,Euroa District,"CLEELAND, Annabelle",The Nationals,91.93
Merrigum,Murray Plains District,"WALSH, Peter",The Nationals,8.07
Mill Park,Mill Park District,"D'AMBROSIO, Lily",Australian Labor Party - Victorian Branch,84.11
Mill Park,Bundoora District,"BROOKS, Colin",Australian Labor Party - Victorian Branch,15.8
Milloo,Murray Plains District,"WALSH, Peter",The Nationals,89.69
Milloo,Bendigo East District,"ALLAN, Jacinta",Australian Labor Party - Victorian Branch,10.31
Miralie,Murray Plains District,"WALSH, Peter",The Nationals,99.48
Miralie,Mildura District,"BENHAM, Jade",The Nationals,0.52
Mitta Mitta,Benambra District,"TILLEY, Bill",Liberal,92.26
Mitta Mitta,Gippsland East District,"BULL, Tim",The Nationals,7.68
Moe,Morwell District,"CAMERON, Martin",The Nationals,84.42
Moe,Narracan District,"FARNHAM, Wayne",Liberal,15.58
Moe South,Morwell District,"CAMERON, Martin",The Nationals,88.91
Moe South,Narracan District,"FARNHAM, Wayne",Liberal,11.09
Mollongghip,Ripon District,"HAYLETT, Martha",Australian Labor Party - Victorian Branch,64.25
Mollongghip,Eureka District,"SETTLE, Michaela",Australian Labor Party - Victorian Branch,35.75
Mont Albert,Box Hill District,"HAMER, Paul",Australian Labor Party - Victorian Branch,95.8
Mont Albert,Kew District,"WILSON, Jess",Liberal,4.2
Montrose (Vic.),Evelyn District,"VALLENCE, Bridget",Liberal,72.85
Montrose (Vic.),Monbulk District,"DE MARTINO, Daniela",Australian Labor Party - Victorian Branch,27.14
Moolort,Ripon District,"HAYLETT, Martha",Australian Labor Party - Victorian Branch,86.88
Moolort,Bendigo West District,"EDWARDS, Maree",Australian Labor Party - Victorian Branch,13.12
Moonee Ponds,Essendon District,"PEARSON, Danny",Australian Labor Party - Victorian Branch,97.83
Moonee Ponds,Niddrie District,"CARROLL, Ben",Australian Labor Party - Victorian Branch,2.15
Moorabbin,Bentleigh District,"STAIKOS, Nick",Australian Labor Party - Victorian Branch,94.9
Moorabbin,Sandringham District,"ROWSWELL, Brad",Liberal,3.07
Moorabbin,Brighton District,"NEWBURY, James",Liberal,2.03
Moorooduc,Mornington District,"CREWTHER, Chris",Liberal,93.06
Moorooduc,Hastings District,"MERCURIO, Paul",Australian Labor Party - Victorian Branch,6.94
Mooroolbark,Evelyn District,"VALLENCE, Bridget",Liberal,82.93
Mooroolbark,Croydon District,"HODGETT, David",Liberal,17.07
Mooroopna North,Shepparton District,"O'KEEFFE, Kim",The Nationals,86.97
Mooroopna North,Murray Plains District,"WALSH, Peter",The Nationals,13.03
Mooroopna North West,Shepparton District,"O'KEEFFE, Kim",The Nationals,60.17
Mooroopna North West,Murray Plains District,"WALSH, Peter",The Nationals,39.83
Moriac,South Barwon District,"CHEESEMAN, Darren",Australian Labor Party - Victorian Branch,95.17
Moriac,Polwarth District,"RIORDAN, Richard",Liberal,4.83
Mount Cottrell,Tarneit District,"WIGHT, Dylan",Australian Labor Party - Victorian Branch,36.17
Mount Cottrell,Kororoit District,"GRIGOROVITCH, Luba",Australian Labor Party - Victorian Branch,33.64
Mount Cottrell,Melton District,"McGHIE, Steve",Australian Labor Party - Victorian Branch,30.18
Mount Martha,Mornington District,"CREWTHER, Chris",Liberal,98.31
Mount Martha,Nepean District,"GROTH, Sam",Liberal,1.67
Mount Pleasant (Vic.),Eureka District,"SETTLE, Michaela",Australian Labor Party - Victorian Branch,98.6
Mount Pleasant (Vic.),Wendouree District,"ADDISON, Juliana",Australian Labor Party - Victorian Branch,1.4
Mount Waverley,Ashwood District,"FREGON, Matt",Australian Labor Party - Victorian Branch,82.16
Mount Waverley,Oakleigh District,"DIMOPOULOS, Steve",Australian Labor Party - Victorian Branch,17.84
Mulgrave (Vic.),Mulgrave District,"ANDREWS, Daniel",Australian Labor Party - Victorian Branch,99.32
Mulgrave (Vic.),Oakleigh District,"DIMOPOULOS, Steve",Australian Labor Party - Victorian Branch,0.63
Myrtle Creek (Vic.),Bendigo East District,"ALLAN, Jacinta",Australian Labor Party - Victorian Branch,61.47
Myrtle Creek (Vic.),Macedon District,"THOMAS, Mary-Anne",Australian Labor Party - Victorian Branch,38.53
Myrtlebank,Gippsland East District,"BULL, Tim",The Nationals,58.15
Myrtlebank,Gippsland South District,"O'BRIEN, Danny",The Nationals,41.85
Nalinga,Shepparton District,"O'KEEFFE, Kim",The Nationals,71.97
Nalinga,Euroa District,"CLEELAND, Annabelle",The Nationals,28.03
Nar Nar Goon North,Narracan District,"FARNHAM, Wayne",Liberal,80.06
Nar Nar Goon North,Pakenham District,"VULIN, Emma",Australian Labor Party - Victorian Branch,13.93
Nar Nar Goon North,Monbulk District,"DE MARTINO, Daniela",Australian Labor Party - Victorian Branch,6.01
Nariel Valley,Benambra District,"TILLEY, Bill",Liberal,75.91
Nariel Valley,Gippsland East District,"BULL, Tim",The Nationals,24.09
Narracan,Narracan District,"FARNHAM, Wayne",Liberal,84.34
Narracan,Morwell District,"CAMERON, Martin",The Nationals,15.65
Narre Warren,Narre Warren North District,"WILSON, Belinda",Australian Labor Party - Victorian Branch,99.22
Narre Warren,Berwick District,"BATTIN, Brad",Liberal,0.62
Narre Warren,Narre Warren South District,"MAAS, Gary",Australian Labor Party - Victorian Branch,0.16
Narre Warren South,Narre Warren South District,"MAAS, Gary",Australian Labor Party - Victorian Branch,98.29
Narre Warren South,Berwick District,"BATTIN, Brad",Liberal,1.65
Nelse,Gippsland East District,"BULL, Tim",The Nationals,96.92
Nelse,Ovens Valley District,"McCURDY, Tim",The Nationals,2.93
Nelse,Benambra District,"TILLEY, Bill",Liberal,0.15
Nerrina,Ripon District,"HAYLETT, Martha",Australian Labor Party - Victorian Branch,77.38
Nerrina,Wendouree District,"ADDISON, Juliana",Australian Labor Party - Victorian Branch,22.29
Nerrina,Eureka District,"SETTLE, Michaela",Australian Labor Party - Victorian Branch,0.33
Newhaven,Bass District,"CRUGNALE, Jordan",Australian Labor Party - Victorian Branch,97.96
Nine Mile (Vic.),Ripon District,"HAYLETT, Martha",Australian Labor Party - Victorian Branch,75.47
Nine Mile (Vic.),Mildura District,"BENHAM, Jade",The Nationals,24.53
Nirranda East,South-West Coast District,"BRITNELL, Roma",Liberal,99.13
Nirranda East,Polwarth District,"RIORDAN, Richard",Liberal,0.87
Noble Park,Dandenong District,"WILLIAMS, Gabrielle",Australian Labor Party - Victorian Branch,54.02
Noble Park,Mulgrave District,"ANDREWS, Daniel",Australian Labor Party - Victorian Branch,32.56
Noble Park,Clarinda District,"TAK, Meng Heang",Australian Labor Party - Victorian Branch,13.42
North Bendigo,Bendigo West District,"EDWARDS, Maree",Australian Labor Party - Victorian Branch,51.16
North Bendigo,Bendigo East District,"ALLAN, Jacinta",Australian Labor Party - Victorian Branch,48.84
North Shore (Vic.),Lara District,"GEORGE, Ella",Australian Labor Party - Victorian Branch,98.52
Numurkah,Shepparton District,"O'KEEFFE, Kim",The Nationals,98.52
Numurkah,Ovens Valley District,"McCURDY, Tim",The Nationals,1.48
Nyora (Vic.),Gippsland South District,"O'BRIEN, Danny",The Nationals,85.56
Nyora (Vic.),Bass District,"CRUGNALE, Jordan",Australian Labor Party - Victorian Branch,12.17
Nyora (Vic.),Narracan District,"FARNHAM, Wayne",Liberal,2.27
Oak Park,Broadmeadows District,"MATTHEWS-WARD, Kathleen",Australian Labor Party - Victorian Branch,98.22
Oak Park,Pascoe Vale District,"CIANFLONE, Anthony",Australian Labor Party - Victorian Branch,1.62
Oak Park,Essendon District,"PEARSON, Danny",Australian Labor Party - Victorian Branch,0.16
Oaklands Junction,Kalkallo District,"SPENCE, Ros",Australian Labor Party - Victorian Branch,87.27
Oaklands Junction,Sunbury District,"BULL, Josh",Australian Labor Party - Victorian Branch,12.71
Oakleigh South,Oakleigh District,"DIMOPOULOS, Steve",Australian Labor Party - Victorian Branch,57.7
Oakleigh South,Clarinda District,"TAK, Meng Heang",Australian Labor Party - Victorian Branch,42.27
Ocean Grange,Gippsland South District,"O'BRIEN, Danny",The Nationals,52.63
Ocean Grange,Gippsland East District,"BULL, Tim",The Nationals,47.31
Ormond,Bentleigh District,"STAIKOS, Nick",Australian Labor Party - Victorian Branch,52.11
Ormond,Caulfield District,"SOUTHWICK, David",Liberal,28.56
Ormond,Oakleigh District,"DIMOPOULOS, Steve",Australian Labor Party - Victorian Branch,19.32
Outtrim,Gippsland South District,"O'BRIEN, Danny",The Nationals,76.21
Outtrim,Bass District,"CRUGNALE, Jordan",Australian Labor Party - Victorian Branch,23.79
Parwan,Eureka District,"SETTLE, Michaela",Australian Labor Party - Victorian Branch,65.57
Parwan,Melton District,"McGHIE, Steve",Australian Labor Party - Victorian Branch,34.43
Patterson Lakes,Carrum District,"KILKENNY, Sonya",Australian Labor Party - Victorian Branch,99.21
Patterson Lakes,Mordialloc District,"RICHARDSON, Tim",Australian Labor Party - Victorian Branch,0.79
Pearcedale,Bass District,"CRUGNALE, Jordan",Australian Labor Party - Victorian Branch,92.73
Pearcedale,Hastings District,"MERCURIO, Paul",Australian Labor Party - Victorian Branch,6.88
Penshurst (Vic.),Lowan District,"KEALY, Emma",The Nationals,90.32
Penshurst (Vic.),South-West Coast District,"BRITNELL, Roma",Liberal,9.68
Peterborough (Vic.),Polwarth District,"RIORDAN, Richard",Liberal,53.58
Peterborough (Vic.),South-West Coast District,"BRITNELL, Roma",Liberal,46.29
Plumpton (Vic.),Sydenham District,"HUTCHINS, Natalie",Australian Labor Party - Victorian Branch,99.37
Plumpton (Vic.),Melton District,"McGHIE, Steve",Australian Labor Party - Victorian Branch,0.59
Poowong East,Gippsland South District,"O'BRIEN, Danny",The Nationals,77.58
Poowong East,Narracan District,"FARNHAM, Wayne",Liberal,22.42
Poowong North,Gippsland South District,"O'BRIEN, Danny",The Nationals,91.26
Poowong North,Narracan District,"FARNHAM, Wayne",Liberal,8.72
Port Franklin,Gippsland South District,"O'BRIEN, Danny",The Nationals,97.69
Port Melbourne,Albert Park District,"TAYLOR, Nina",Australian Labor Party - Victorian Branch,98.87
Portsea,Nepean District,"GROTH, Sam",Liberal,99.2
Pound Creek,Gippsland South District,"O'BRIEN, Danny",The Nationals,83.22
Pound Creek,Bass District,"CRUGNALE, Jordan",Australian Labor Party - Victorian Branch,16.78
Powelltown,Eildon District,"McLEISH, Cindy",Liberal,99.0
Powelltown,Narracan District,"FARNHAM, Wayne",Liberal,1.0
Prahran,Prahran District,"HIBBINS, Sam",Australian Greens,99.42
Prahran,Caulfield District,"SOUTHWICK, David",Liberal,0.58
Preston (Vic.),Preston District,"LAMBERT, Nathan",Australian Labor Party - Victorian Branch,68.29
Preston (Vic.),Northcote District,"THEOPHANOUS, Kat",Australian Labor Party - Victorian Branch,31.66
Purdeet,South-West Coast District,"BRITNELL, Roma",Liberal,72.97
Purdeet,Lowan District,"KEALY, Emma",The Nationals,27.03
Queenscliff (Vic.),Bellarine District,"MARCHANT, Alison",Australian Labor Party - Victorian Branch,97.56
Rainbow,Lowan District,"KEALY, Emma",The Nationals,87.69
Rainbow,Mildura District,"BENHAM, Jade",The Nationals,12.31
Ravenswood (Vic.),Bendigo West District,"EDWARDS, Maree",Australian Labor Party - Victorian Branch,72.5
Ravenswood (Vic.),Bendigo East District,"ALLAN, Jacinta",Australian Labor Party - Victorian Branch,27.5
Redan,Wendouree District,"ADDISON, Juliana",Australian Labor Party - Victorian Branch,99.26
Redan,Eureka District,"SETTLE, Michaela",Australian Labor Party - Victorian Branch,0.74
Redesdale,Macedon District,"THOMAS, Mary-Anne",Australian Labor Party - Victorian Branch,67.6
Redesdale,Euroa District,"CLEELAND, Annabelle",The Nationals,32.39
Reynard,Gippsland East District,"BULL, Tim",The Nationals,83.84
Reynard,Eildon District,"McLEISH, Cindy",Liberal,16.16
Rhyll,Bass District,"CRUGNALE, Jordan",Australian Labor Party - Victorian Branch,99.33
Richmond Plains,Ripon District,"HAYLETT, Martha",Australian Labor Party - Victorian Branch,83.91
Richmond Plains,Mildura District,"BENHAM, Jade",The Nationals,16.09
Ringwood (Vic.),Ringwood District,"FOWLES, Will",Australian Labor Party - Victorian Branch,82.34
Ringwood (Vic.),Warrandyte District,"SMITH, Ryan",Liberal,12.79
Ringwood (Vic.),Croydon District,"HODGETT, David",Liberal,4.42
Ringwood (Vic.),Glen Waverley District,"MULLAHY, John",Australian Labor Party - Victorian Branch,0.45
Ringwood East,Ringwood District,"FOWLES, Will",Australian Labor Party - Victorian Branch,99.09
Ringwood East,Croydon District,"HODGETT, David",Liberal,0.88
Rippleside,Lara District,"GEORGE, Ella",Australian Labor Party - Victorian Branch,98.36
Ripponlea,Caulfield District,"SOUTHWICK, David",Liberal,96.05
Ripponlea,Brighton District,"NEWBURY, James",Liberal,3.95
Ruffy,Euroa District,"CLEELAND, Annabelle",The Nationals,94.88
Ruffy,Eildon District,"McLEISH, Cindy",Liberal,5.12
Rye,Nepean District,"GROTH, Sam",Liberal,99.2
San Remo (Vic.),Bass District,"CRUGNALE, Jordan",Australian Labor Party - Victorian Branch,98.39
Seaford (Vic.),Carrum District,"KILKENNY, Sonya",Australian Labor Party - Victorian Branch,66.27
Seaford (Vic.),Frankston District,"EDBROOKE, Paul",Australian Labor Party - Victorian Branch,33.66
Seaholme,Williamstown District,"HORNE, Melissa",Australian Labor Party - Victorian Branch,99.28
Sebastopol (Vic.),Wendouree District,"ADDISON, Juliana",Australian Labor Party - Victorian Branch,99.29
Sebastopol (Vic.),Eureka District,"SETTLE, Michaela",Australian Labor Party - Victorian Branch,0.71
Serpentine (Vic.),Bendigo East District,"ALLAN, Jacinta",Australian Labor Party - Victorian Branch,97.16
Serpentine (Vic.),Ripon District,"HAYLETT, Martha",Australian Labor Party - Victorian Branch,2.84
Seville,Evelyn District,"VALLENCE, Bridget",Liberal,75.21
Seville,Monbulk District,"DE MARTINO, Daniela",Australian Labor Party - Victorian Branch,24.79
Silvan,Monbulk District,"DE MARTINO, Daniela",Australian Labor Party - Victorian Branch,89.16
Silvan,Evelyn District,"VALLENCE, Bridget",Liberal,10.84
Silverleaves,Bass District,"CRUGNALE, Jordan",Australian Labor Party - Victorian Branch,94.41
Skye (Vic.),Carrum District,"KILKENNY, Sonya",Australian Labor Party - Victorian Branch,99.29
Skye (Vic.),Cranbourne District,"RICHARDS, Pauline",Australian Labor Party - Victorian Branch,0.71
Smythes Creek,Ripon District,"HAYLETT, Martha",Australian Labor Party - Victorian Branch,98.2
Smythes Creek,Wendouree District,"ADDISON, Juliana",Australian Labor Party - Victorian Branch,1.8
Somerton (Vic.),Greenvale District,"WALTERS, Iwan",Australian Labor Party - Victorian Branch,98.56
Somerton (Vic.),Broadmeadows District,"MATTHEWS-WARD, Kathleen",Australian Labor Party - Victorian Branch,1.39
Sorrento (Vic.),Nepean District,"GROTH, Sam",Liberal,99.08
South Melbourne,Albert Park District,"TAYLOR, Nina",Australian Labor Party - Victorian Branch,93.54
South Melbourne,Prahran District,"HIBBINS, Sam",Australian Greens,6.46
South Morang,Mill Park District,"D'AMBROSIO, Lily",Australian Labor Party - Victorian Branch,90.95
South Morang,Yan Yean District,"KATHAGE, Lauren",Australian Labor Party - Victorian Branch,9.05
Southbank,Albert Park District,"TAYLOR, Nina",Australian Labor Party - Victorian Branch,82.48
Southbank,Prahran District,"HIBBINS, Sam",Australian Greens,17.43
St Andrews Beach,Nepean District,"GROTH, Sam",Liberal,99.13
St Germains,Murray Plains District,"WALSH, Peter",The Nationals,99.41
St Germains,Shepparton District,"O'KEEFFE, Kim",The Nationals,0.59
St Kilda (Vic.),Albert Park District,"TAYLOR, Nina",Australian Labor Party - Victorian Branch,70.92
St Kilda (Vic.),Prahran District,"HIBBINS, Sam",Australian Greens,26.77
St Kilda (Vic.),Caulfield District,"SOUTHWICK, David",Liberal,1.28
St Kilda East,Caulfield District,"SOUTHWICK, David",Liberal,72.26
St Kilda East,Prahran District,"HIBBINS, Sam",Australian Greens,27.74
Stewarton (Vic.),Euroa District,"CLEELAND, Annabelle",The Nationals,77.29
Stewarton (Vic.),Shepparton District,"O'KEEFFE, Kim",The Nationals,22.71
Strangways,Bendigo West District,"EDWARDS, Maree",Australian Labor Party - Victorian Branch,79.9
Strangways,Macedon District,"THOMAS, Mary-Anne",Australian Labor Party - Victorian Branch,20.1
Strathlea,Bendigo West District,"EDWARDS, Maree",Australian Labor Party - Victorian Branch,74.93
Strathlea,Ripon District,"HAYLETT, Martha",Australian Labor Party - Victorian Branch,25.07
Strathmore (Vic.),Essendon District,"PEARSON, Danny",Australian Labor Party - Victorian Branch,99.37
Strathmore (Vic.),Broadmeadows District,"MATTHEWS-WARD, Kathleen",Australian Labor Party - Victorian Branch,0.34
Strathmore (Vic.),Pascoe Vale District,"CIANFLONE, Anthony",Australian Labor Party - Victorian Branch,0.29
Strathmore Heights,Essendon District,"PEARSON, Danny",Australian Labor Party - Victorian Branch,91.14
Strathmore Heights,Niddrie District,"CARROLL, Ben",Australian Labor Party - Victorian Branch,8.32
Strathmore Heights,Broadmeadows District,"MATTHEWS-WARD, Kathleen",Australian Labor Party - Victorian Branch,0.54
Streatham,Lowan District,"KEALY, Emma",The Nationals,69.41
Streatham,Ripon District,"HAYLETT, Martha",Australian Labor Party - Victorian Branch,30.59
Strzelecki (Vic.),Gippsland South District,"O'BRIEN, Danny",The Nationals,85.24
Strzelecki (Vic.),Narracan District,"FARNHAM, Wayne",Liberal,14.76
Summerlands,Bass District,"CRUGNALE, Jordan",Australian Labor Party - Victorian Branch,98.31
Sunderland Bay,Bass District,"CRUGNALE, Jordan",Australian Labor Party - Victorian Branch,98.67
Surf Beach (Vic.),Bass District,"CRUGNALE, Jordan",Australian Labor Party - Victorian Branch,99.15
Surrey Hills,Hawthorn District,"PESUTTO, John",Liberal,43.9
Surrey Hills,Box Hill District,"HAMER, Paul",Australian Labor Party - Victorian Branch,38.31
Surrey Hills,Kew District,"WILSON, Jess",Liberal,17.79
Swan Island,Bellarine District,"MARCHANT, Alison",Australian Labor Party - Victorian Branch,98.38
Tanjil South,Narracan District,"FARNHAM, Wayne",Liberal,79.21
Tanjil South,Morwell District,"CAMERON, Martin",The Nationals,20.79
Tarneit,Tarneit District,"WIGHT, Dylan",Australian Labor Party - Victorian Branch,93.59
Tarneit,Laverton District,"CONNOLLY, Sarah",Australian Labor Party - Victorian Branch,6.4
Taroon,South-West Coast District,"BRITNELL, Roma",Liberal,61.82
Taroon,Polwarth District,"RIORDAN, Richard",Liberal,38.18
Tarwin Lower,Gippsland South District,"O'BRIEN, Danny",The Nationals,92.33
Tatura,Shepparton District,"O'KEEFFE, Kim",The Nationals,67.67
Tatura,Euroa District,"CLEELAND, Annabelle",The Nationals,32.33
Tatyoon,Lowan District,"KEALY, Emma",The Nationals,62.2
Tatyoon,Ripon District,"HAYLETT, Martha",Australian Labor Party - Victorian Branch,37.8
Tawonga,Ovens Valley District,"McCURDY, Tim",The Nationals,99.1
Tawonga,Benambra District,"TILLEY, Bill",Liberal,0.88
Taylors Lakes,Sydenham District,"HUTCHINS, Natalie",Australian Labor Party - Victorian Branch,77.18
Taylors Lakes,Niddrie District,"CARROLL, Ben",Australian Labor Party - Victorian Branch,22.82
Templestowe,Bulleen District,"GUY, Matthew",Liberal,91.45
Templestowe,Warrandyte District,"SMITH, Ryan",Liberal,8.47
Terrappee,Murray Plains District,"WALSH, Peter",The Nationals,92.48
Terrappee,Mildura District,"BENHAM, Jade",The Nationals,7.52
The Basin (Vic.),Monbulk District,"DE MARTINO, Daniela",Australian Labor Party - Victorian Branch,81.51
The Basin (Vic.),Bayswater District,"TAYLOR, Jackson",Australian Labor Party - Victorian Branch,18.49
The Sisters,Lowan District,"KEALY, Emma",The Nationals,67.06
The Sisters,South-West Coast District,"BRITNELL, Roma",Liberal,32.94
Thologolong,Benambra District,"TILLEY, Bill",Liberal,99.48
Thornhill Park,Melton District,"McGHIE, Steve",Australian Labor Party - Victorian Branch,70.02
Thornhill Park,Kororoit District,"GRIGOROVITCH, Luba",Australian Labor Party - Victorian Branch,29.98
Tittybong,Murray Plains District,"WALSH, Peter",The Nationals,99.04
Tittybong,Mildura District,"BENHAM, Jade",The Nationals,0.96
Tolmie,Eildon District,"McLEISH, Cindy",Liberal,54.44
Tolmie,Ovens Valley District,"McCURDY, Tim",The Nationals,45.49
Tom Groggin,Benambra District,"TILLEY, Bill",Liberal,86.41
Tom Groggin,Gippsland East District,"BULL, Tim",The Nationals,13.57
Toolamba,Shepparton District,"O'KEEFFE, Kim",The Nationals,58.05
Toolamba,Euroa District,"CLEELAND, Annabelle",The Nationals,41.95
Toolern Vale,Melton District,"McGHIE, Steve",Australian Labor Party - Victorian Branch,97.86
Toolern Vale,Sunbury District,"BULL, Josh",Australian Labor Party - Victorian Branch,2.07
Toongabbie (Vic.),Gippsland South District,"O'BRIEN, Danny",The Nationals,56.6
Toongabbie (Vic.),Narracan District,"FARNHAM, Wayne",Liberal,43.38
Tooradin,Bass District,"CRUGNALE, Jordan",Australian Labor Party - Victorian Branch,97.88
Toorongo,Narracan District,"FARNHAM, Wayne",Liberal,50.68
Toorongo,Eildon District,"McLEISH, Cindy",Liberal,49.32
Tootgarook,Nepean District,"GROTH, Sam",Liberal,99.22
Towaninny,Mildura District,"BENHAM, Jade",The Nationals,70.32
Towaninny,Murray Plains District,"WALSH, Peter",The Nationals,29.68
Trida,Gippsland South District,"O'BRIEN, Danny",The Nationals,59.32
Trida,Narracan District,"FARNHAM, Wayne",Liberal,40.68
Truganina,Kororoit District,"GRIGOROVITCH, Luba",Australian Labor Party - Victorian Branch,57.28
Truganina,Laverton District,"CONNOLLY, Sarah",Australian Labor Party - Victorian Branch,42.69
Tullamarine,Sunbury District,"BULL, Josh",Australian Labor Party - Victorian Branch,90.86
Tullamarine,Niddrie District,"CARROLL, Ben",Australian Labor Party - Victorian Branch,9.14
Tyrrell,Mildura District,"BENHAM, Jade",The Nationals,55.84
Tyrrell,Murray Plains District,"WALSH, Peter",The Nationals,44.16
Upper Ryans Creek,Euroa District,"CLEELAND, Annabelle",The Nationals,96.0
Upper Ryans Creek,Ovens Valley District,"McCURDY, Tim",The Nationals,4.0
Ventnor (Vic.),Bass District,"CRUGNALE, Jordan",Australian Labor Party - Victorian Branch,99.39
Venus Bay (Vic.),Gippsland South District,"O'BRIEN, Danny",The Nationals,98.23
Vermont,Glen Waverley District,"MULLAHY, John",Australian Labor Party - Victorian Branch,74.18
Vermont,Ringwood District,"FOWLES, Will",Australian Labor Party - Victorian Branch,25.81
Walhalla,Narracan District,"FARNHAM, Wayne",Liberal,56.49
Walhalla,Gippsland East District,"BULL, Tim",The Nationals,43.51
Wallagaraugh,Gippsland East District,"BULL, Tim",The Nationals,99.43
Wallan,Kalkallo District,"SPENCE, Ros",Australian Labor Party - Victorian Branch,83.28
Wallan,Yan Yean District,"KATHAGE, Lauren",Australian Labor Party - Victorian Branch,16.61
Wandong,Yan Yean District,"KATHAGE, Lauren",Australian Labor Party - Victorian Branch,50.84
Wandong,Euroa District,"CLEELAND, Annabelle",The Nationals,49.15
Wantirna,Bayswater District,"TAYLOR, Jackson",Australian Labor Party - Victorian Branch,99.49
Wantirna,Rowville District,"WELLS, Kim",Liberal,0.42
Wantirna South,Rowville District,"WELLS, Kim",Liberal,83.11
Wantirna South,Bayswater District,"TAYLOR, Jackson",Australian Labor Party - Victorian Branch,16.89
Warneet,Bass District,"CRUGNALE, Jordan",Australian Labor Party - Victorian Branch,97.1
Warrnambool,South-West Coast District,"BRITNELL, Roma",Liberal,99.25
Watchem West,Lowan District,"KEALY, Emma",The Nationals,56.74
Watchem West,Mildura District,"BENHAM, Jade",The Nationals,43.26
Wattle Flat (Vic.),Eureka District,"SETTLE, Michaela",Australian Labor Party - Victorian Branch,58.4
Wattle Flat (Vic.),Ripon District,"HAYLETT, Martha",Australian Labor Party - Victorian Branch,41.6
Werneth,Eureka District,"SETTLE, Michaela",Australian Labor Party - Victorian Branch,76.7
Werneth,Polwarth District,"RIORDAN, Richard",Liberal,23.3
Werona,Bendigo West District,"EDWARDS, Maree",Australian Labor Party - Victorian Branch,65.09
Werona,Ripon District,"HAYLETT, Martha",Australian Labor Party - Victorian Branch,34.91
West Melbourne,Melbourne District,"SANDELL, Ellen",Australian Greens,97.14
West Melbourne,Albert Park District,"TAYLOR, Nina",Australian Labor Party - Victorian Branch,2.62
West Melbourne,Footscray District,"HALL, Katie",Australian Labor Party - Victorian Branch,0.24
Westmeadows,Greenvale District,"WALTERS, Iwan",Australian Labor Party - Victorian Branch,51.09
Westmeadows,Sunbury District,"BULL, Josh",Australian Labor Party - Victorian Branch,44.44
Westmeadows,Broadmeadows District,"MATTHEWS-WARD, Kathleen",Australian Labor Party - Victorian Branch,4.47
Wheelers Hill,Mulgrave District,"ANDREWS, Daniel",Australian Labor Party - Victorian Branch,57.13
Wheelers Hill,Glen Waverley District,"MULLAHY, John",Australian Labor Party - Victorian Branch,42.86
Williams Landing,Laverton District,"CONNOLLY, Sarah",Australian Labor Party - Victorian Branch,99.39
Williams Landing,Point Cook District,"HILAKARI, Mathew",Australian Labor Party - Victorian Branch,0.61
Wilsons Promontory,Gippsland South District,"O'BRIEN, Danny",The Nationals,98.68
Wingeel,Polwarth District,"RIORDAN, Richard",Liberal,59.27
Wingeel,Eureka District,"SETTLE, Michaela",Australian Labor Party - Victorian Branch,40.73
Winnap,Lowan District,"KEALY, Emma",The Nationals,92.11
Winnap,South-West Coast District,"BRITNELL, Roma",Liberal,7.89
Wollert,Thomastown District,"HALFPENNY, Bronwyn",Australian Labor Party - Victorian Branch,78.57
Wollert,Yan Yean District,"KATHAGE, Lauren",Australian Labor Party - Victorian Branch,17.77
Wollert,Mill Park District,"D'AMBROSIO, Lily",Australian Labor Party - Victorian Branch,3.65
Wonga Park,Warrandyte District,"SMITH, Ryan",Liberal,99.22
Wonga Park,Croydon District,"HODGETT, David",Liberal,0.65
Wonga Park,Eildon District,"McLEISH, Cindy",Liberal,0.13
Wongungarra,Gippsland East District,"BULL, Tim",The Nationals,63.29
Wongungarra,Ovens Valley District,"McCURDY, Tim",The Nationals,36.71
Wood Wood,Murray Plains District,"WALSH, Peter",The Nationals,99.42
Wood Wood,Mildura District,"BENHAM, Jade",The Nationals,0.45
Woods Point (Vic.),Eildon District,"McLEISH, Cindy",Liberal,90.49
Woods Point (Vic.),Gippsland East District,"BULL, Tim",The Nationals,9.51
Woodvale (Vic.),Bendigo East District,"ALLAN, Jacinta",Australian Labor Party - Victorian Branch,68.72
Woodvale (Vic.),Bendigo West District,"EDWARDS, Maree",Australian Labor Party - Victorian Branch,31.26
Woosang,Mildura District,"BENHAM, Jade",The Nationals,60.34
Woosang,Ripon District,"HAYLETT, Martha",Australian Labor Party - Victorian Branch,39.66
Wroxham,Gippsland East District,"BULL, Tim",The Nationals,99.48
Yalla-Y-Poora,Ripon District,"HAYLETT, Martha",Australian Labor Party - Victorian Branch,83.71
Yalla-Y-Poora,Lowan District,"KEALY, Emma",The Nationals,16.29
Yallambie,Ivanhoe District,"CARBINES, Anthony",Australian Labor Party - Victorian Branch,86.11
Yallambie,Bundoora District,"BROOKS, Colin",Australian Labor Party - Victorian Branch,13.81
Yallourn North,Morwell District,"CAMERON, Martin",The Nationals,65.64
Yallourn North,Narracan District,"FARNHAM, Wayne",Liberal,34.36
Yambuk,South-West Coast District,"BRITNELL, Roma",Liberal,98.64
Yandoit Hills,Bendigo West District,"EDWARDS, Maree",Australian Labor Party - Victorian Branch,99.13
Yandoit Hills,Macedon District,"THOMAS, Mary-Anne",Australian Labor Party - Victorian Branch,0.87
Yarraberb,Ripon District,"HAYLETT, Martha",Australian Labor Party - Victorian Branch,70.43
Yarraberb,Bendigo East District,"ALLAN, Jacinta",Australian Labor Party - Victorian Branch,29.57
Yarraville,Footscray District,"HALL, Katie",Australian Labor Party - Victorian Branch,68.79
Yarraville,Williamstown District,"HORNE, Melissa",Australian Labor Party - Victorian Branch,31.2
Yellingbo,Eildon District,"McLEISH, Cindy",Liberal,81.45
Yellingbo,Monbulk District,"DE MARTINO, Daniela",Australian Labor Party - Victorian Branch,18.47
Yelta (Vic.),Mildura District,"BENHAM, Jade",The Nationals,99.44
